Title,DOI,Dataset Mention
Bayesian mixed effect sparse tensor response regression model with joint estimation of activation and connectivity,arXiv:1904.00148,ds000001
Exploring the impact of analysis software on task fMRI results,10.1002/hbm.24603,ds000001
Fine-grain atlases of functional modes for fMRI analysis,10.1016/j.neuroimage.2020.117126,ds000001
Joint Bayesian Estimation of Voxel Activation and Inter-regional Connectivity in fMRI Experiments,10.1016/j.eswa.2020.113819,ds000001
On the Reproducibility and Interpretability of Group-Level Task-fMRI Results,10.31237/osf.io/mj7qa,ds000001
Performance Evaluation of Big Data Processing Strategies for Neuroimaging,10.1109/CCGRID.2019.00059,ds000001
Fine-grain atlases of functional modes for fMRI analysis,10.1016/j.neuroimage.2020.117126,ds000002
Short-term classification learning promotes rapid global improvements of information processing in human brain functional connectome,10.3389/fnhum.2019.00462,ds000002
Analysis of task-based functional MRI data preprocessed with fMRIPrep,10.1038/s41596-020-0327-3,ds000003
Beware (surprisingly common) left-right flips in your MRI data: an efficient and robust method to check MRI dataset consistency using AFNI,10.3389/fninf.2020.00018,ds000003
Estimating feedforward and feedback effective connections from fMRI time series: Assessments of statistical methods,10.1162/netn_a_00061,ds000003
Fine-grain atlases of functional modes for fMRI analysis,10.1016/j.neuroimage.2020.117126,ds000003
Inferring Effective Connectivity Networks From fMRI Time Series With a Temporal Entropy-Score,10.1109/TNNLS.2021.3072149,ds000003
The visual word form area (VWFA) is part of both language and attention circuitry,10.1038/s41467-019-13634-z,ds000003
Fine-grain atlases of functional modes for fMRI analysis,10.1016/j.neuroimage.2020.117126,ds000006
Fine-grain atlases of functional modes for fMRI analysis,10.1016/j.neuroimage.2020.117126,ds000007
Side information dependence as a regularizer for analyzing human brain conditions across cognitive experiments,10.1609/aaai.v34i04.6179,ds000007
Fine-grain atlases of functional modes for fMRI analysis,10.1016/j.neuroimage.2020.117126,ds000008
Side information dependence as a regularizer for analyzing human brain conditions across cognitive experiments,10.1609/aaai.v34i04.6179,ds000008
Fine-grain atlases of functional modes for fMRI analysis,10.1016/j.neuroimage.2020.117126,ds000011
Fine-grain atlases of functional modes for fMRI analysis,10.1016/j.neuroimage.2020.117126,ds000017
3D deformable convolutions for MRI classification,10.1109/ICMLA.2019.00278,ds000030
3DCNN interpretation facilitates MRI-based disease classification,n/a,ds000030
A pipeline to characterize local cortical folds by mapping them to human-interpretable shapes,10.1101/2020.11.25.388785,ds000030
Activity flow underlying abnormalities in brain activations and cognition in schizophrenia,10.1101/2020.12.16.423109,ds000030
Common and different gray and white matter alterations in bipolar and borderline personality disorder: A source-based morphometry study,10.1016/j.brainres.2021.147401,ds000030
Detecting microstructural deviations in individuals with deep diffusion MRI tractometry,10.1101/2021.02.23.21252011,ds000030
Disentangling age‐and disease‐related alterations in schizophrenia brain network using structural equation modeling: A graph theoretical study based on minimum …,10.1002/hbm.25403,ds000030
"Distinct and temporally associated neural mechanisms underlying concurrent, postsuccess, and posterror cognitive controls: Evidence from a stop‐signal task",10.1002/hbm.25347,ds000030
Distinct hierarchical alterations of intrinsic neural timescales account for different manifestations of psychosis,10.7554/eLife.56151,ds000030
Effects of spatial smoothing on group-level differences in functional brain networks,10.1162/netn_a_00132,ds000030
Equitable thresholding and clustering,10.1101/295931,ds000030
Evaluation of denoising strategies for task‐based functional connectivity: Equalizing residual motion artifacts between rest and cognitively demanding tasks,10.1002/hbm.25332,ds000030
Fastsurfer-a fast and accurate deep learning based neuroimaging pipeline,10.1016/j.neuroimage.2020.117012,ds000030
"Highly predictive transdiagnostic features shared across schizophrenia, bipolar disorder, and adhd identified using a machine learning based approach",10.1101/453951,ds000030
Identifying and removing widespread signal deflections from fMRI data: Rethinking the global signal regression problem,10.1016/j.neuroimage.2020.116614,ds000030
Investigating inhibition deficit in schizophrenia using task-modulated brain networks,10.1007/s00429-020-02078-7,ds000030
Linking cerebellar functional gradients to transdiagnostic behavioral dimensions of psychopathology,10.1101/2020.06.15.153254,ds000030
"Machine learning models identify multimodal measurements highly predictive of transdiagnostic symptom severity for mood, anhedonia, and anxiety",10.1016/j.bpsc.2019.07.007,ds000030
Multimodal MRI Study Using Convolutional Neural Networks for Schizophrenia Classification,n/a,ds000030
Non-linear manifold learning in fMRI uncovers a low-dimensional space of brain dynamics,10.1101/2020.11.25.398693,ds000030
Out of control: An altered parieto-occipital-cerebellar network for impulsivity in bipolar disorder,10.1016/j.bbr.2021.113228,ds000030
PCA based dimensionality reduction of MRI images for training support vector machine to aid diagnosis of bipolar disorder,n/a,ds000030
Probabilistic TFCE: a generalized combination of cluster size and voxel intensity to increase statistical power,10.1016/j.neuroimage.2018.09.078,ds000030
Reproducible Coactivation Patterns of Functional Brain Networks Reveal the Aberrant Dynamic State Transition in Schizophrenia,10.1101/2021.03.29.437611,ds000030
Shared and distinct white matter abnormalities in schizophrenia and bipolar disorder,10.1016/j.pnpbp.2020.110175,ds000030
Testing the expanded continuum hypothesis of schizophrenia and bipolar disorder. Neural and psychological evidence for shared and distinct mechanisms,10.1016/j.nicl.2019.101854,ds000030
Inter-group Heterogeneity of Regional Homogeneity (REHO),n/a,ds000030
A generalizable method for automated quality control of functional neuroimaging datasets,10.1007/978-3-030-53352-6_6,ds000030
Diffusion-Weighted Imaging,10.1007/978-3-030-29184-6,ds000031
Extraction of the cardiac waveform from simultaneous multislice fMRI data using slice sorted averaging and a deep learning reconstruction filter,10.1016/j.neuroimage.2019.05.049,ds000031
Individualized event structure drives individual differences in whole-brain functional connectivity,10.1101/2021.03.12.435168,ds000031
The effect of global signal regression on DCM estimates of noise and effective connectivity from resting state fMRI,10.1016/j.neuroimage.2019.116435,ds000031
Fine-grain atlases of functional modes for fMRI analysis,10.1016/j.neuroimage.2020.117126,ds000051
Fine-grain atlases of functional modes for fMRI analysis,10.1016/j.neuroimage.2020.117126,ds000052
Short-term classification learning promotes rapid global improvements of information processing in human brain functional connectome,10.3389/fnhum.2019.00462,ds000052
Meet me in the middle: brain-behavior mediation analysis for fMRI experiments,10.1101/2020.10.17.343798,ds000053
Fine-grain atlases of functional modes for fMRI analysis,10.1016/j.neuroimage.2020.117126,ds000101
Side information dependence as a regularizer for analyzing human brain conditions across cognitive experiments,10.1609/aaai.v34i04.6179,ds000101
Fine-grain atlases of functional modes for fMRI analysis,10.1016/j.neuroimage.2020.117126,ds000102
Side information dependence as a regularizer for analyzing human brain conditions across cognitive experiments,10.1609/aaai.v34i04.6179,ds000102
The visual word form area (VWFA) is part of both language and attention circuitry,10.1038/s41467-019-13634-z,ds000102
Diffusion-Weighted Imaging,10.1007/978-3-030-29184-6,ds000105
Fine-grain atlases of functional modes for fMRI analysis,10.1016/j.neuroimage.2020.117126,ds000105
Fuzzy general linear modeling for functional magnetic resonance imaging analysis,10.1109/TFUZZ.2019.2936807,ds000105
Neural topographic factor analysis for fmri data,arXiv:1906.08901,ds000105
On the analysis of layer-specific fMRI,n/a,ds000105
Perceived Image Reconstruction from Human Brain Activity via Time-Series Information Guided Generative Adversarial Networks,10.1007/978-3-030-63823-8,ds000105
Using distance on the Riemannian manifold to compare representations in brain and models,10.1101/2020.11.25.398511,ds000105
Fine-grain atlases of functional modes for fMRI analysis,10.1016/j.neuroimage.2020.117126,ds000107
Short-term classification learning promotes rapid global improvements of information processing in human brain functional connectome,10.3389/fnhum.2019.00462,ds000107
Spatial 3D Mat'ern priors for fast whole-brain fMRI analysis,arXiv:1906.10591,ds000107
"ENIGMA HALFpipe: Interactive, reproducible, and efficient analysis for resting-state and task-based fMRI data",10.1101/2021.05.07.442790,ds000108
Exploring the impact of analysis software on task fMRI results,10.1002/hbm.24603,ds000109
Fine-grain atlases of functional modes for fMRI analysis,10.1016/j.neuroimage.2020.117126,ds000109
On the Reproducibility and Interpretability of Group-Level Task-fMRI Results,10.31237/osf.io/mj7qa,ds000109
Fine-grain atlases of functional modes for fMRI analysis,10.1016/j.neuroimage.2020.117126,ds000110
A manually denoised audio-visual movie watching fMRI dataset for the studyforrest project,10.6084/m9.figshare.10266554,ds000113
Application of the sequential matrix diagonalization algorithm to high-dimensional functional MRI data,10.1007/s00180-019-00925-8,ds000113
Generalizable dimensions of human cortical auditory processing of speech in natural soundscapes: A data-driven ultra high field fMRI approach,10.1016/j.neuroimage.2021.118106,ds000113
Beware (surprisingly common) left-right flips in your MRI data: an efficient and robust method to check MRI dataset consistency using AFNI,10.3389/fninf.2020.00018,ds000114
Fine-grain atlases of functional modes for fMRI analysis,10.1016/j.neuroimage.2020.117126,ds000114
Optimizing data processing to improve the reproducibility of single‐subject functional magnetic resonance imaging,10.1002/brb3.1617,ds000114
3D deformable convolutions for MRI classification,10.1109/ICMLA.2019.00278,ds000115
Fine-grain atlases of functional modes for fMRI analysis,10.1016/j.neuroimage.2020.117126,ds000115
Generative Adversarial Networks and Markov Random Fields for oversampling very small training sets,10.1016/j.eswa.2020.113819,ds000115
Modeling the hemodynamic response function using simultaneous EEG-fMRI data and convolutional sparse coding analysis with rank-1 constraints,10.1101/2020.09.09.290296,ds000116
Non-stationary group-level connectivity analysis for enhanced interpretability of oddball tasks,10.3389/fnins.2020.00446,ds000116
Restricted function‐on‐function linear regression model,10.1111/biom.13463,ds000116
Capturing the nature of events and event context using Hierarchical Event Descriptors (HED),10.1101/2021.05.06.442841,ds000117
Computing phase amplitude coupling in EEGLAB: PACTools,10.1109/BIBE50027.2020.00070,ds000117
Diffusion-Weighted Imaging,10.1007/978-3-030-29184-6,ds000117
EEG extended source imaging with structured sparsity and   L   1 -norm residual,10.1007/s00521-020-05603-1,ds000117
Event-related components are structurally represented by intrinsic event-related potentials,10.1038/s41598-021-85235-0,ds000117
Fastsurfer-a fast and accurate deep learning based neuroimaging pipeline,10.1016/j.neuroimage.2020.117012,ds000117
From BIDS-formatted EEG data to sensor-space group results: a fully reproducible workflow with EEGLAB and LIMO EEG,10.3389/fnins.2020.610388,ds000117
MEG current source reconstruction using a meta-analysis fMRI prior,10.1016/j.neuroimage.2021.118034,ds000117
MEG source imaging and group analysis using VBMEG,10.3389/fnins.2019.00241,ds000117
MEG/EEG group analysis with brainstorm,10.3389/fnins.2019.00076,ds000117
MULTIVARIATE STATISTICS AND DECODING FOR ELECTROENCEPHALOGRAPHIC DATA,n/a,ds000117
MVPA-Light: a classification and regression toolbox for multi-dimensional data,10.3389/fnins.2020.00289,ds000117
Structural connectivity to reconstruct brain activation and effective connectivity between brain regions,10.1088/1741-2552/ab8b2b,ds000117
The open eeglab portal interface: High-performance computing with eeglab,10.1016/j.neuroimage.2020.116778,ds000117
Exploring the impact of analysis software on task fMRI results,10.1002/hbm.24603,ds000120
On the Reproducibility and Interpretability of Group-Level Task-fMRI Results,10.31237/osf.io/mj7qa,ds000120
Fine-grain atlases of functional modes for fMRI analysis,10.1016/j.neuroimage.2020.117126,ds000133
fMRI-Based Machine Learning Analysis of Neural Substrates of Pediatric Anxiety: Temporal Pole and Emotional Face-Responses.,10.21203/rs.3.rs-120600/v1,ds000144
Brainglance: visualizing group level MRI data at one glance,10.3389/fnins.2019.00972,ds000158
Fuzzy general linear modeling for functional magnetic resonance imaging analysis,10.1109/TFUZZ.2019.2936807,ds000158
Inter-subject pattern analysis for multivariate group analysis of functional neuroimaging. A unifying formalization,10.1016/j.cmpb.2020.105730,ds000158
Permutation-based true discovery guarantee by sum tests,arXiv:2102.11759,ds000158
All-resolutions inference for brain imaging,10.1016/j.neuroimage.2018.07.060,ds000158
Comparing Alternative Computational Models of the Stroop Task Using Effective Connectivity Analysis of fMRI Data,10.1101/647271,ds000164
Fine-grain atlases of functional modes for fMRI analysis,10.1016/j.neuroimage.2020.117126,ds000164
Fine-grain atlases of functional modes for fMRI analysis,10.1016/j.neuroimage.2020.117126,ds000170
Fine-grain atlases of functional modes for fMRI analysis,10.1016/j.neuroimage.2020.117126,ds000171
Group-representative functional network estimation from multi-subject fMRI data via MRF-based image segmentation,10.1016/j.cmpb.2019.07.004,ds000171
"Joint, Partially-Joint, and Individual Independent Component Analysis in Multi-Subject fMRI Data",10.1109/TBME.2019.2953274,ds000171
Modelling of Transcranial Magnetic Stimulation (TMS) Induced Fields in Different Age Groups,10.1007/978-3-030-65092-6_8,ds000171
Neural topographic factor analysis for fmri data,arXiv:1906.08901,ds000171
Transcriptional and cellular signatures of cortical morphometric similarity remodelling in chronic pain,10.1101/2021.03.24.436777,ds000171
Beware (surprisingly common) left-right flips in your MRI data: an efficient and robust method to check MRI dataset consistency using AFNI,10.3389/fninf.2020.00018,ds000172
Fine-grain atlases of functional modes for fMRI analysis,10.1016/j.neuroimage.2020.117126,ds000200
Age effect on functional connectivity changes of right anterior insula after partial sleep deprivation,10.1097/WNR.0000000000001347,ds000201
Age effect on gray matter volume changes after sleep restriction,10.1371/journal.pone.0228473,ds000201
Age-related abnormalities of thalamic shape and dynamic functional connectivity after three hours of sleep restriction,10.7717/peerj.10751,ds000201
Sleeping While Awake: The Intrusion of Neural Activity Associated with Sleep Onset in the Awake Human Brain,10.1101/2020.06.04.133603,ds000201
Fine-grain atlases of functional modes for fMRI analysis,10.1016/j.neuroimage.2020.117126,ds000203
Fine-grain atlases of functional modes for fMRI analysis,10.1016/j.neuroimage.2020.117126,ds000205
Fastsurfer-a fast and accurate deep learning based neuroimaging pipeline,10.1016/j.neuroimage.2020.117012,ds000206
A candidate neuroimaging biomarker for detection of neurotransmission-related functional alterations and prediction of pharmacological analgesic response in …,10.1101/2021.02.17.431572,ds000208
Transcriptional and cellular signatures of cortical morphometric similarity remodelling in chronic pain,10.1101/2021.03.24.436777,ds000208
Sailing in rough waters: examining volatility of fMRI noise,10.1016/j.mri.2021.02.009,ds000210
Inter-group Heterogeneity of Regional Homogeneity (REHO),n/a,ds000210
Common and different gray and white matter alterations in bipolar and borderline personality disorder: A source-based morphometry study,10.1016/j.brainres.2021.147401,ds000214
Fine-grain atlases of functional modes for fMRI analysis,10.1016/j.neuroimage.2020.117126,ds000214
Fine-grain atlases of functional modes for fMRI analysis,10.1016/j.neuroimage.2020.117126,ds000220
Idiopathic and acquired pedophilia as two distinct disorders: an insight from neuroimaging,10.1007/s11682-020-00442-z,ds000221
Intact microstructure of the right corticostriatal pathway predicts creative ability in healthy adults,10.1002/brb3.1895,ds000221
Mapping internal brainstem structures using MP2RAGE derived T1 weighted and T1 relaxation images at 3 and 7 T,10.1002/hbm.24938,ds000221
Prediction of stimulus-independent and task-unrelated thought from functional brain networks,10.1038/s41467-021-22027-0,ds000221
Quantity and quality: Normative open-access neuroimaging databases,10.1371/journal.pone.0248341,ds000221
Brainglance: visualizing group level MRI data at one glance,10.3389/fnins.2019.00972,ds000224
Diving into the deep end: A personal reflection on the MyConnectome Study,10.1016/j.cobeha.2020.10.008,ds000224
Edge-centric functional network representations of human cerebral cortex reveal overlapping system-level architecture,10.1038/s41593-020-00719-y,ds000224
Functional connectivity fingerprints at rest are similar across youths and adults and vary with genetic similarity,10.1016/j.isci.2019.100801,ds000224
Hierarchical dynamics as a macroscopic organizing principle of the human brain,10.1073/pnas.2003383117,ds000224
High-amplitude cofluctuations in cortical activity drive functional connectivity,10.1073/pnas.2005531117,ds000224
Impact of concatenating fMRI data on reliability for functional connectomics,10.1016/j.neuroimage.2020.117549,ds000224
Individualized event structure drives individual differences in whole-brain functional connectivity,10.1101/2021.03.12.435168,ds000224
Precision functional mapping of human memory systems,10.1016/j.cobeha.2020.12.013,ds000224
Probabilistic mapping of human functional brain networks identifies regions of high group consensus,10.1016/j.neuroimage.2021.118164,ds000224
Quantifying control circuit regulation in the human brain.,10.1101/2021.03.30.437729,ds000224
Quantity and quality: Normative open-access neuroimaging databases,10.1371/journal.pone.0248341,ds000224
Rapid Precision Functional Mapping of Individuals using Multi-Echo fMRI,10.1016/j.celrep.2020.108540,ds000224
The effect of global signal regression on DCM estimates of noise and effective connectivity from resting state fMRI,10.1016/j.neuroimage.2019.116435,ds000224
The profiles of non-stationarity and non-linearity in the time series of resting-state brain networks,10.3389/fnins.2020.00493,ds000224
There is no single functional atlas even for a single individual: Functional parcel definitions change with task,10.1016/j.neuroimage.2019.116366,ds000224
Time‐varying nodal measures with temporal community structure: A cautionary note to avoid misinterpretation,10.1002/hbm.24950,ds000224
Topographic gradients of intrinsic dynamics across neocortex,10.7554/eLife.62116,ds000224
Common functional networks in the mouse brain revealed by multi-centre resting-state fMRI analysis,10.1016/j.neuroimage.2019.116278,ds000228
Conditional independence testing via weighted partial copulas,arXiv:2006.12839,ds000228
Emergence and organization of adult brain function throughout child development,10.1016/j.neuroimage.2020.117606,ds000228
Intersubject consistent dynamic connectivity during natural vision revealed by functional MRI,10.1016/j.neuroimage.2020.116698,ds000228
Modelling of Transcranial Magnetic Stimulation (TMS) Induced Fields in Different Age Groups,10.1007/978-3-030-65092-6_8,ds000228
Nature abhors a paywall: How open science can realize the potential of naturalistic stimuli,10.1016/j.neuroimage.2019.116330,ds000228
Principal component analysis revealed multiple consistent responses to naturalistic stimuli in children and adults,10.1101/2020.05.01.073163,ds000228
"Spatial and temporal joint, partially-joint and individual sources in independent component analysis: Application to social brain fMRI dataset",10.1016/j.jneumeth.2019.108453,ds000228
The Euler Characteristic: A General Topological Descriptor for Complex Data,arXiv:2103.03144,ds000228
Uncovering the topology of time-varying fmri data using cubical persistence,n/a,ds000228
Does rs-fMRI preprocessing matter for prediction performance in machine learning?,n/a,ds000228
Nature abhors a paywall: How open science can realize the potential of naturalistic stimuli,10.1016/j.neuroimage.2019.116330,ds000233
The identification of temporal communities through trajectory clustering correlates with single-trial behavioural fluctuations in neuroimaging data,10.1101/617027,ds000235
ASLPrep: A Generalizable Platform for Processing of Arterial Spin Labeled MRI and Quantification of Regional Brain Perfusion,10.1101/2021.05.20.444998,ds000240
Probabilistic mapping of human functional brain networks identifies regions of high group consensus,10.1016/j.neuroimage.2021.118164,ds000243
An International Multicenter Analysis of Brain Structure across Clinical Stages of Parkinson's Disease: The ENIGMA-Parkinson's Study,10.1101/2020.04.28.20072710,ds000245
Identifying and removing widespread signal deflections from fMRI data: Rethinking the global signal regression problem,10.1016/j.neuroimage.2020.116614,ds000258
Sailing in rough waters: examining volatility of fMRI noise,10.1016/j.mri.2021.02.009,ds000258
Nature abhors a paywall: How open science can realize the potential of naturalistic stimuli,10.1016/j.neuroimage.2019.116330,ds001110
Nature abhors a paywall: How open science can realize the potential of naturalistic stimuli,10.1016/j.neuroimage.2019.116330,ds001131
Nature abhors a paywall: How open science can realize the potential of naturalistic stimuli,10.1016/j.neuroimage.2019.116330,ds001132
Nature abhors a paywall: How open science can realize the potential of naturalistic stimuli,10.1016/j.neuroimage.2019.116330,ds001145
Inter-group Heterogeneity of Regional Homogeneity (REHO),n/a,ds001168
"Distinct regions of the striatum underlying effort, movement initiation and effort discounting",10.1038/s41562-020-00972-y,ds001168
Quantifying structural connectivity in brain tumor patients,10.1101/2021.03.19.21253837,ds001226
Corpus callosal microstructure predicts bimanual motor performance in chronic stroke survivors,10.1101/2021.05.14.443663,ds001242
Performance Optimization is Insufficient for Building Accurate Models for Neural Representation,10.32470/CCN.2018.1148-0,ds001246
Reconstructing natural scenes from fMRI patterns using BigBiGAN,10.1109/IJCNN48605.2020.9206960,ds001246
Removing independent noise in systems neuroscience data using DeepInterpolation,10.1101/2020.10.15.341602,ds001246
Using distance on the Riemannian manifold to compare representations in brain and models,10.1101/2020.11.25.398511,ds001246
Nature abhors a paywall: How open science can realize the potential of naturalistic stimuli,10.1016/j.neuroimage.2019.116330,ds001338
Neural signatures of attentional engagement during narratives and its consequences for event memory,10.1101/2020.08.26.266320,ds001338
APPIAN: automated pipeline for PET image analysis,10.3389/fninf.2018.00064,ds001421
Clinical brain PET research must embrace multi-centre collaboration and data sharing or risk its demise,10.1007/s00259-019-04541-y,ds001421
How do we generalize?,arXiv:2104.00899,ds001454
The Connectivity Fingerprints of Highly-Skilled and Disordered Reading Persist Across Cognitive Domains,10.3389/fncom.2021.590093,ds001486
A Comparative Assessment of Statistical Approaches for fMRI Data to Obtain Activation Maps,n/a,ds001499
"Brain Image Analysis, Classification and Reconstruction",10.21608/fcihib.2020.116966,ds001506
Nature abhors a paywall: How open science can realize the potential of naturalistic stimuli,10.1016/j.neuroimage.2019.116330,ds001510
Automatic skull stripping of rat and mouse brain MRI data using U-net,10.3389/fnins.2020.568614,ds001541
Custom-molded headcases have limited efficacy in reducing head motion during naturalistic fMRI experiments,10.1016/j.neuroimage.2020.117207,ds001544
Nature abhors a paywall: How open science can realize the potential of naturalistic stimuli,10.1016/j.neuroimage.2019.116330,ds001545
Automatic skull stripping of rat and mouse brain MRI data using U-net,10.3389/fnins.2020.568614,ds001720
"Data sharing and privacy issues in neuroimaging research: Opportunities, obstacles, challenges, and monsters under the bed",10.1002/hbm.25120,ds001734
Subjective value and decision entropy are jointly encoded by aligned gradients across the human brain,10.1038/s42003-020-01315-3,ds001734
The neural link between subjective value and decision entropy,10.1038/s42003-020-01315-3,ds001734
Distortion correction of diffusion weighted MRI without reverse phase-encoding scans or field-maps,10.1371/journal.pone.0236418,ds001743
Inter-group Heterogeneity of Regional Homogeneity (REHO),n/a,ds001771
Interpretation of Human Behavior from Multi-modal Brain MRI Images based on Graph Deep Neural Networks and Attention Mechanism,10.5220/0010214400560066,ds001771
"Divergent Connectional Asymmetries of the Inferior Parietal Lobule Shape Hemispheric Specialization in Humans, Chimpanzees, and Macaque Monkeys",10.1101/2021.01.26.428189,ds001875
The Connectivity Fingerprints of Highly-Skilled and Disordered Reading Persist Across Cognitive Domains,10.3389/fncom.2021.590093,ds001894
Transcriptional and cellular signatures of cortical morphometric similarity remodelling in chronic pain,10.1101/2021.03.24.436777,ds001928
Atlas-based brain extraction is robust across rat MRI studies,10.1109/ISBI48211.2021.9433884,ds001981
Automatic skull stripping of rat and mouse brain MRI data using U-net,10.3389/fnins.2020.568614,ds001981
A ventromedial prefrontal dysrhythmia in obsessive-compulsive disorder is attenuated by nucleus accumbens deep brain stimulation,10.1016/j.brs.2021.04.028,ds002179
Nature abhors a paywall: How open science can realize the potential of naturalistic stimuli,10.1016/j.neuroimage.2019.116330,ds002245
Brain regions and networks supporting working memory and selective attention processing in typically developing and extremely preterm-born children,10138/319865,ds002320
ReUINet: A fast GNL distortion correction approach on a 1.0 T MRI‐Linac scanner,10.1002/mp.14861,ds002330
"An fMRI dataset in response to “The Grand Budapest Hotel”, a socially-rich, naturalistic movie",10.1038/s41597-020-00735-4,ds002345
Constructing and forgetting temporal context in the human cerebral cortex,10.1016/j.neuron.2020.02.013,ds002345
Narratives for neuroscience,10.1016/j.tins.2020.03.003,ds002345
Putting psychology to the test: Rethinking model evaluation through benchmarking and prediction,10.31234/osf.io/e437b,ds002345
On Tensor Distances For Self Organizing Maps: Clustering Cognitive Tasks,10.1007/978-3-030-59051-2,ds002366
An edge-centric model for harmonizing multi-relational network datasets,10.1101/2021.01.07.425450,ds002372
"Functional connectivity predicts changes in attention observed across minutes, days, and months",10.1073/pnas.1912226117,ds002372
On Hippocampus Associative Modeling by Approximating Nonlinear Kullback-Leibler Sparsity Constraint,10.1109/ICCCI50826.2021.9402467,ds002422
A preliminary study of gray matter volume differences related to context-dependent and independent decision-making,10.31234/osf.io/k6jpx,ds002422
Extracting Nonlinear Dynamics from Psychological and Behavioral Time Series Through HAVOK Analysis,10.31234/osf.io/d4c3f,ds002680
NeuriViz (Part 1)-Performant Graphics for Neuroinformatics,n/a,ds002680
ElectroEncephaloGraphy robust linear modelling using weights reflecting single trials' dynamics,10.1101/2021.04.27.441629,ds002718
From BIDS-formatted EEG data to sensor-space group results: a fully reproducible workflow with EEGLAB and LIMO EEG,10.3389/fnins.2020.610388,ds002718
Robust linear modelling in ElectroEncephaloGraphy can be obtained using single weights reflecting each single trials' dynamics,10.1101/2021.04.27.441629,ds002718
Generalizable brain network markers of major depressive disorder across multiple imaging sites,10.1371/journal.pbio.3000966,ds002748
Rapid Precision Functional Mapping of Individuals using Multi-Echo fMRI,10.1016/j.celrep.2020.108540,ds002766
Inter-group Heterogeneity of Regional Homogeneity (REHO),n/a,ds002785
Inter-group Heterogeneity of Regional Homogeneity (REHO),n/a,ds002790
Intracranial brain stimulation modulates fMRI-based network switching,10.1016/j.nbd.2021.105401,ds002799
Atlas-based brain extraction is robust across rat MRI studies,10.1109/ISBI48211.2021.9433884,ds002870
Deep learning based segmentation of brain tissue from diffusion MRI,10.1016/j.neuroimage.2021.117934,ds003037
Toward more robust and reproducible diffusion kurtosis imaging,10.1002/mrm.28730,ds003346
Thinking out loud: an open-access EEG-based BCI dataset for inner speech recognition,10.1101/2021.04.19.440473,ds003626
fMRIPrep: a robust preprocessing pipeline for functional MRI,10.5281/zenodo.1340696,ds000052
fMRIPrep: a robust preprocessing pipeline for functional MRI,10.5281/zenodo.1340696,ds000101
fMRIPrep: a robust preprocessing pipeline for functional MRI,10.5281/zenodo.1340696,ds000102
fMRIPrep: a robust preprocessing pipeline for functional MRI,10.5281/zenodo.1340696,ds000105
fMRIPrep: a robust preprocessing pipeline for functional MRI,10.5281/zenodo.1340696,ds000107
fMRIPrep: a robust preprocessing pipeline for functional MRI,10.5281/zenodo.1340696,ds000108
fMRIPrep: a robust preprocessing pipeline for functional MRI,10.5281/zenodo.1340696,ds000109
fMRIPrep: a robust preprocessing pipeline for functional MRI,10.5281/zenodo.1340696,ds000110
fMRIPrep: a robust preprocessing pipeline for functional MRI,10.5281/zenodo.1340696,ds000114
fMRIPrep: a robust preprocessing pipeline for functional MRI,10.5281/zenodo.1340696,ds000115
fMRIPrep: a robust preprocessing pipeline for functional MRI,10.5281/zenodo.1340696,ds000116
fMRIPrep: a robust preprocessing pipeline for functional MRI,10.5281/zenodo.1340696,ds000119
fMRIPrep: a robust preprocessing pipeline for functional MRI,10.5281/zenodo.1340696,ds000120
fMRIPrep: a robust preprocessing pipeline for functional MRI,10.5281/zenodo.1340696,ds000121
fMRIPrep: a robust preprocessing pipeline for functional MRI,10.5281/zenodo.1340696,ds000133
fMRIPrep: a robust preprocessing pipeline for functional MRI,10.5281/zenodo.1340696,ds000140
fMRIPrep: a robust preprocessing pipeline for functional MRI,10.5281/zenodo.1340696,ds000148
fMRIPrep: a robust preprocessing pipeline for functional MRI,10.5281/zenodo.1340696,ds000157
fMRIPrep: a robust preprocessing pipeline for functional MRI,10.5281/zenodo.1340696,ds000164
fMRIPrep: a robust preprocessing pipeline for functional MRI,10.5281/zenodo.1340696,ds000168
fMRIPrep: a robust preprocessing pipeline for functional MRI,10.5281/zenodo.1340696,ds000170
fMRIPrep: a robust preprocessing pipeline for functional MRI,10.5281/zenodo.1340696,ds000171
fMRIPrep: a robust preprocessing pipeline for functional MRI,10.5281/zenodo.1340696,ds000177
fMRIPrep: a robust preprocessing pipeline for functional MRI,10.5281/zenodo.1340696,ds000200
fMRIPrep: a robust preprocessing pipeline for functional MRI,10.5281/zenodo.1340696,ds000205
fMRIPrep: a robust preprocessing pipeline for functional MRI,10.5281/zenodo.1340696,ds000208
fMRIPrep: a robust preprocessing pipeline for functional MRI,10.5281/zenodo.1340696,ds000212
fMRIPrep: a robust preprocessing pipeline for functional MRI,10.5281/zenodo.1340696,ds000213
fMRIPrep: a robust preprocessing pipeline for functional MRI,10.5281/zenodo.1340696,ds000214
fMRIPrep: a robust preprocessing pipeline for functional MRI,10.5281/zenodo.1340696,ds000216
fMRIPrep: a robust preprocessing pipeline for functional MRI,10.5281/zenodo.1340696,ds000218
fMRIPrep: a robust preprocessing pipeline for functional MRI,10.5281/zenodo.1340696,ds000219
fMRIPrep: a robust preprocessing pipeline for functional MRI,10.5281/zenodo.1340696,ds000220
fMRIPrep: a robust preprocessing pipeline for functional MRI,10.5281/zenodo.1340696,ds000221
fMRIPrep: a robust preprocessing pipeline for functional MRI,10.5281/zenodo.1340696,ds000228
fMRIPrep: a robust preprocessing pipeline for functional MRI,10.5281/zenodo.1340696,ds000229
fMRIPrep: a robust preprocessing pipeline for functional MRI,10.5281/zenodo.1340696,ds000231
fMRIPrep: a robust preprocessing pipeline for functional MRI,10.5281/zenodo.1340696,ds000233
fMRIPrep: a robust preprocessing pipeline for functional MRI,10.5281/zenodo.1340696,ds000237
fMRIPrep: a robust preprocessing pipeline for functional MRI,10.5281/zenodo.1340696,ds000243